image;ground_truth;prediction;CER_score;;;;;;
test001_1.jpg;B9140BCD;S514BCD;0.3750;;; ;;;
test001_2.jpg;B2407UZO;CE2407UZO;0.2500;;;;;;
test001_3.jpg;B2842PKM;B284PKM;0.1250;;;;;;
test002_1.jpg;BG1352AE;CSSBCGAE13520824;12500;;;;;;
test003_1.jpg;B2634UZF;B2634UZF;0.0000;;;;;;
test003_2.jpg;B1995JVK;B1995JVK;0.0000;;;;;;
test004_1.jpg;B9062VEH;3060271H3060271H;16250;;;;;;
test005_1.jpg;DD8798KM;ND3798KM;0.3750;;;;;Total Akurasi 100%;59
test006_1.jpg;T1329KC;RS1329ARE;0.7143;;;;;;
test007_1.jpg;AD8865EE;AD8865EE;0.0000;;;;;;
test008_1.jpg;DK1157AAB;THEIMAGEYOUVESENTAPPEARSTOBEACLOSEUPOFABLACKLICENSEPLATETHETEXTONTHELICENSEPLATEREADSDKABAAB125THISCOULDPOSSIBLYINDICATETHATTHEVEHICLEISREGISTEREDINDENMARKANDHASBEENTHERESINCEBETWEENJANUARY12005ANDDECEMBER312007HOWEVERWITHOUTADDITIONALCONTEXTORINFORMATIONITSDIFFICULTTOPROVIDEAMOREPRECISEINTERPRETATIONOFTHISLICENSEPLATENUMBER;356667;;;;;;
test008_2.jpg;AA1997FE;THEIMAGECAPTURESACLOSEUPVIEWOFARECTANGULARWHITELICENSEPLATEAFFIXEDTOABLUECARTHELICENSEPLATESLIGHTLYTILTEDTOWARDSUSBEARSSOMEWEARANDTEARHINTINGATITSAGEANDUSEITSMARKEDWITHTHETEXTAA1997FEPOSSIBLYINDICATINGTHEYEAROFISSUEANDTHETYPEOFVEHICLEITBELONGSTOTHEBACKGROUNDISBLURREDDRAWINGFOCUSTOTHELICENSEPLATEANDMAKING;371250;;;;;;
test009_1.jpg;H8518NA;H8518NACO28;0.5714;;;;;;
test009_2.jpg;K1649GB;K1649GB;0.0000;;;;;;
test010_1.jpg;B9416PCN;BCNCNNPCNPNCNPNCNPNCNPNCNPNCNPNCNPNCNPNCNPNCNPNCNPNCNPNCNPNCNPNCNPNCNPNCNPNCNPNCNPNCNPNCNPNCNPNCNPN;118750;;;;;;
test010_2.jpg;H1147UY;H1147UY;0.0000;;;;;;
test011_1.jpg;H1691IL;H1691IL;0.0000;;;;;;
test011_2.jpg;B9374RI;THEIMAGECAPTURESACLOSEUPVIEWOFABLACKLICENSEPLATEWHICHBEARSTHEINSCRIPTIONB9371LTHEBACKGROUNDISBLURREDANDINDISTINGUISHABLEDUETOTHEFOCUSONTHELICENSEPLATEINTHEFOREGROUNDTHETEXTONTHELICENSEPLATEAPPEARSTOBEWHITEAGAINSTTHEDARKBACKGROUNDSUGGESTINGITMIGHTBEILLUMINATEDORBACKLITTHELICENSEPLATEITSELFSEEMSTOBEOFASTANDARDSIZEANDSHAPETYPICALLYUSEDFORVEHICLES;487143;;;;;;
test011_3.jpg;D1204AIG;D1204AI;0.1250;;;;;;
test012_1.jpg;E1887BA;EABA18870425;10000;;;;;;
test013_1.jpg;B1439UZP;B1439UZP;0.0000;;;;;;
test013_2.jpg;B1128WOS;B1128WSD127;0.6250;;;;;;
test014_1.jpg;B1388DFX;B1388DFX;0.0000;;;;;;
test015_1.jpg;AD1798BT;AD1798BT;0.0000;;;;;;
test016_1.jpg;E1517DQ;E1517DO;0.1429;;;;;;
test017_1.jpg;AD8982FS;FS8992AND;0.7500;;;;;;
test018_1.jpg;L7603UA;THEIMAGECAPTURESACLOSEUPVIEWOFAYELLOWLICENSEPLATEATTACHEDTOAVEHICLETHELICENSEPLATEWHICHISRECTANGULARANDSLIGHTLYCURVEDATTHEEDGESPROMINENTLYDISPLAYSL7603UATHISALPHANUMERICCODESUGGESTSTHATITCOULDBEFROMAREGIONWHERESUCHCODESAREUSEDFORVEHICLEREGISTRATIONBELOWTHISCODETHERESANOTHERSERIESOFNUMBERS01128POSSIBLYINDICATINGADDITIONALINFORMATIONABOUTTHELICENSEPLATE;494286;;;;;;
test019_1.jpg;AD7HS;ADHS70226;12000;;;;;;
test019_2.jpg;B1959WYK;B1959WYK;0.0000;;;;;;
test020_1.jpg;AG8634EK;CSSAG8634EK;0.3750;;;;;;
test020_2.jpg;AD1329PY;ADL13280228;0.7500;;;;;;
test021_1.jpg;BA1709DW;BA1709DW;0.0000;;;;;;
test021_2.jpg;W1236VZ;THEIMAGEYOUVESENTAPPEARSTOBEACLOSEUPOFALICENSEPLATEONAVEHICLETHELICENSEPLATEREADSWVAW1236ITALSOHASSOMENUMBERSANDLETTERSBELOWITBUTTHEYARENOTCLEARLYVISIBLEINTHEIMAGETHEBACKGROUNDISBLURREDMAKINGITDIFFICULTTODETERMINEWHATTYPEOFVEHICLEORLOCATIONTHISPHOTOWASTAKENATPLEASENOTETHATIAMANAIANDDONOTHAVETHEABILITYTOPERFORMACTIONSSUCHAS;455714;;;;;;
test022_1.jpg;W1825OZ;W1825OB;0.1429;;;;;;
test022_2.jpg;L1202UE;LEE1202UE;0.2857;;;;;;
test022_3.jpg;L3823IB;THEIMAGECAPTURESACLOSEUPVIEWOFABLACKCARSLICENSEPLATEWHICHSTANDSOUTAGAINSTITSDARKBACKGROUNDTHELICENSEPLATEDISPLAYSL3823100224INDICATINGTHEVEHICLESREGISTRATIONDETAILSTHETEXTISCLEARANDLEGIBLESUGGESTINGTHATITWASCAPTUREDINGOODLIGHTINGCONDITIONSTHEFOCUSONTHELICENSEPLATESUGGESTSTHATITMIGHTBEOFPARTICULARINTERESTORIMPORTANCETOTHEPHOTOGRAPHER;467143;;;;;;
test023_1.jpg;B1730JLO;B1730JLO;0.0000;;;;;;
test024_1.jpg;B2964TRU;B2964TRU;0.0000;;;;;;
test025_1.jpg;S5585LP;YS5685LP;0.2857;;;;;;
test025_2.jpg;L2858RR;L285B;0.4286;;;;;;
test025_3.jpg;W1185ZO;WW1185032700000000000000000000000000000000000000000000000000000000;87143;;;;;;
test025_4.jpg;9840VU;THEIMAGECAPTURESACLOSEUPVIEWOFABLACKOBJECTPOSSIBLYAMETALPLATEORSIGNFEATURINGWHITENUMBERSANDLETTERSTHEMOSTPROMINENTTEXTONITREADS98420VUSUGGESTINGITCOULDBEANIDENTIFICATIONCODEORADDRESSTHEBACKGROUNDISBLURREDDRAWINGFOCUSTOTHEDETAILSINTHEFOREGROUNDTHEOVERALLCOLORSCHEMEOFTHEIMAGEISPREDOMINANTLYBLACKANDWHITEWITHASLIGHTBLUETINTADDINGDEPTHTOTHESCENE;560000;;;;;;
test026_1.jpg;N9652DF;N9652DE;0.1429;;;;;;
test026_2.jpg;L3836ZX;L3883XY;0.5714;;;;;;
test027_1.jpg;N1905IG;NNIGHTARESPOLVE;21429;;;;;;
test027_2.jpg;B1109CLR;B1109CLR;0.0000;;;;;;
test027_3.jpg;L1840AA;DS1840A;0.4286;;;;;;
test028_1.jpg;L1438EO;DS1438USC;0.7143;;;;;;
test028_2.jpg;L1436AAA;L1436AA;0.1250;;;;;;
test029_1.jpg;W1518WF;W1516W;0.2857;;;;;;
test029_2.jpg;G1986N;N1986C;0.3333;;;;;;
test029_3.jpg;L1588OO;THEIMAGECAPTURESAMOMENTOFTIMEFROZENONADIGITALCLOCKTHATDISPLAYSL15808AND00THENUMBERSARESTARKWHITEAGAINSTABLACKBACKGROUNDCREATINGASTRIKINGCONTRASTTHELETTERSLANDTHENUMBER15808AREPOSITIONEDINTHETOPLEFTCORNEROFTHESCREENWHILETHETIME00ISLOCATEDINTHEBOTTOMRIGHTCORNERTHECLOCKAPPEARSTOBEDISPLAYINGTHECURRENTTIME;424286;;;;;;
test029_4.jpg;L1436AAA;L1436AA;0.1250;;;;;;
test030_1.jpg;S8062NF;DS8062NF;0.1429;;;;;;
test030_2.jpg;G1894TE;G1894TE;0.0000;;;;;;
test031_1.jpg;L1560JQ;L1560QO;0.2857;;;;;;
test031_2.jpg;L1568QO;L1568O;0.1429;;;;;;
test031_3.jpg;L1932AAZ;L1932AA;0.1250;;;;;;
test032_1.jpg;B2754SKY;B2734SKY;0.1250;;;;;;
test032_2.jpg;W1192K;W1792K;0.1667;;;;;;
test033_1.jpg;L4561VK;NG4561VK;0.2857;;;;;;
test033_2.jpg;L2693GA;L2693CA;0.1429;;;;;;
test033_3.jpg;W9847G;RS847ARE;0.8333;;;;;;
test033_4.jpg;L1762ABJ;NG1762AB;0.3750;;;;;;
test034_1.jpg;L1811SU;L1811SU;0.0000;;;;;;
test034_2.jpg;W1167VO;WBVWB;0.8571;;;;;;
test034_3.jpg;S6131OCF;S6131ACE;0.2500;;;;;;
test034_4.jpg;L2570AAD;L2570AAD;0.0000;;;;;;
test035_1.jpg;L9643NN;THEIMAGECAPTURESACLOSEUPVIEWOFACARSLICENSEPLATEWHICHISWHITEANDBEARSBLACKTEXTTHELICENSEPLATEREADSL9623NNITALSODISPLAYSANEXPIRATIONDATEINTHEFORMAT1127INDICATINGTHATITWASVALIDUNTILNOVEMBER2021THEBACKGROUNDBEHINDTHELICENSEPLATEAPPEARSBLURREDSUGGESTINGADEPTHOFFIELDEFFECTFROMTHECAMERASFOCUSONTHELICENSEPLATE;422857;;;;;;
test035_2.jpg;L5247GI;DS5267CG;0.7143;;;;;;
test035_3.jpg;L2498AAM;L2698AAM;0.1250;;;;;;
test035_4.jpg;W1696YO;W1699YO;0.1429;;;;;;
test036_1.jpg;B1231JJA;B123JA;0.2500;;;;;;
test036_2.jpg;B1618UAE;B1618UAE;0.0000;;;;;;
test037_1.jpg;L1775VO;DS1775VO;0.2857;;;;;;
test037_2.jpg;L300RX;YS300RX;0.3333;;;;;;
test037_3.jpg;L1879VG;L1879VC;0.1429;;;;;;
test038_1.jpg;D1523YCN;D1523YCN;0.0000;;;;;;
test038_2.jpg;L1877ACU;L1877ACU;0.0000;;;;;;
test039_1.jpg;L1069VK;RS1069ARE;0.7143;;;;;;
test040_1.jpg;S1595LL;RS1595AND;0.5714;;;;;;
test041_1.jpg;B1231JJA;THEIMAGECAPTURESACLOSEUPVIEWOFABLACKLICENSEPLATEWHICHSTANDSOUTAGAINSTITSDARKBACKGROUNDTHELICENSEPLATEISMARKEDWITHTHELETTERSBJAANDTHENUMBERS1231ASMALLGOLDEMBLEMADORNSTHETOPLEFTCORNEROFTHEPLATEADDINGATOUCHOFELEGANCETOTHEOTHERWISEPLAINSURFACEBELOWTHISEMBLEMTHERESANADDITIONALNUMBER02FOLLOWEDBYANOTHERNUMBER26THEPRECISEPOSITION;398750;;;;;;
test042_1.jpg;AD1174SF;FS174S;0.5000;;;;;;
test043_1.jpg;W1898YW;THEIMAGECAPTURESACLOSEUPVIEWOFARECTANGULARWHITELICENSEPLATEAFFIXEDTOABLACKSURFACETHELICENSEPLATEBEARSTHEINSCRIPTIONWYW1898FOLLOWEDBY0228THECHARACTERSAREINBOLDSANSSERIFFONTANDAREOUTLINEDWITHATHINBLACKBORDERTHEBACKGROUNDISBLURREDDRAWINGFOCUSTOTHELICENSEPLATEWHICHAPPEARSTOBEMOUNTEDONAVEHICLESBUMPER;414286;;;;;;
test043_2.jpg;W1470PG;CSSWWPGPG14703226;17143;;;;;;
test044_1.jpg;L1930KF;F2F;11429;;;;;;
test044_2.jpg;N1004HE;ED10TH;0.7143;;;;;;
test045_1.jpg;S1347LJ;S1347LJ;0.0000;;;;;;
test046_1.jpg;L1470ABK;L1470ABK;0.0000;;;;;;
test046_2.jpg;L1265MX;L1265MX;0.0000;;;;;;
test047_1.jpg;N1524SY;N1524SY;0.0000;;;;;;
test047_2.jpg;L1678ACE;L1678ACE;0.0000;;;;;;
test048_1.jpg;L9316BC;YS9316BC;0.2857;;;;;;
test048_2.jpg;W1838AY;WAY1838;0.5714;;;;;;
test049_1.jpg;N1376DE;N1376DE;0.0000;;;;;;
test049_2.jpg;N79AP;N79AP;0.0000;;;;;;
test050_1.jpg;L1265OF;L1265OF;0.0000;;;;;;
test050_2.jpg;N1095G;N1095G;0.0000;;;;;;
test051_1.jpg;N1718HC;N1718HC;0.0000;;;;;;
test052_1.jpg;N6497KS;N679KS;0.2857;;;;;;
test052_2.jpg;N5235ABX;N5235ABX;0.0000;;;;;;
test052_3.jpg;N4980KJ;N4980KJ;0.0000;;;;;;
test053_1.jpg;N1365AAO;THEIMAGECAPTURESAMOMENTONAROADWHEREADIGITALDISPLAYMOUNTEDONACARSDASHBOARDREVEALSSOMEINTRIGUINGDETAILSABOUTTHEVEHICLESJOURNEYTHEBLACKBACKGROUNDOFTHEDISPLAYCONTRASTSSHARPLYWITHTHEBLUENUMBERSANDLETTERSTHATSTANDOUTPROMINENTLYATTHETOPLEFTCORNERTHELETTERNISDISPLAYEDPOSSIBLYINDICATINGTHEDIRECTIONORROUTETAKENBYTHECARJUSTBELOWITTHENUMBER1365;416250;;;;;;
test054_1.jpg;N1077AAK;NAAKCT36;10000;;;;;;
test054_2.jpg;N1084AAO;N1084AAA;0.1250;;;;;;
test055_1.jpg;N1610KS;NNSNNSNNSNNSNNSNNSNNSNNSNNSNNSNNSNNSNNSNNSNNSNNSNNSNNSNNSNNSNNSNNSNNSNNSNNSNNSNNSNNSNNSNNSNNSNNSNNS;144286;;;;;;
test056_1.jpg;N924CIA;N924CIA;0.0000;;;;;;
test056_2.jpg;N1623HB;RS1623ARE;0.7143;;;;;;
test056_3.jpg;L1430HF;H 1430 BKG;0.8571;;;;;;
test057_1.jpg;N1342T;N1342T;0.0000;;;;;;
test057_2.jpg;N4145AB;N4175AB;0.1429;;;;;;
test057_3.jpg;N1396AAH;THEIMAGECAPTURESACLOSEUPVIEWOFABLACKLICENSEPLATEWHICHBEARSTHEINSCRIPTIONNAAA1396THECHARACTERSAREWHITEANDSTANDOUTAGAINSTTHEDARKBACKGROUNDOFTHEPLATEBELOWTHISALPHANUMERICCODETHERESADDITIONALTEXTTHATREADS0628POSSIBLYINDICATINGTHEREGISTRATIONDETAILSOREXPIRYDATEOFTHELICENSEPLATETHEOVERALLIMAGEGIVESASENSEOFAVEHICLESUNIQUEIDENTIFICATIONINITSHOMECOUNTRY;427500;;;;;;
test058_1.jpg;N3153ACB;N3156ACB;0.1250;;;;;;
test058_2.jpg;N5829KJ;N5602KJ;0.4286;;;;;;
test058_3.jpg;N1780JL;N1780JL;0.0000;;;;;;
test059_1.jpg;W8774PA;W8774PA;0.0000;;;;;;
test059_2.jpg;B9162FXU;B9162FXU050814;0.7500;;;;;;
test060_1.jpg;L1846JE;L1846JE;0.0000;;;;;;
test060_2.jpg;M1457ITA;M 1457;0.4286;;;;;;
test061_1.jpg;AA1971KJ;AA1971KJ;0.0000;;;;;;
test061_2.jpg;BD1146DH;H146DH;0.3750;;;;;;
test062_1.jpg;B9654PEU;B9654PEU;0.0000;;;;;;
test062_2.jpg;AE7244S;AE7246S;0.1429;;;;;;
test063_1.jpg;S1208BI;S1208BI;0.0000;;;;;;
test064_1.jpg;AE8137G;AE8137G;0.0000;;;;;;
test065_1.jpg;H1706SW;H1706SW;0.0000;;;;;;
test066_1.jpg;T1220HS;NG120HS;0.4286;;;;;;
test066_2.jpg;H1790ZY;HC628Y;0.7143;;;;;;
test067_1.jpg;L1855BR;DS1855BR;0.2857;;;;;;
test067_2.jpg;AB1274EV;CSSABEVAB12740926;13750;;;;;;
test068_1.jpg;B2310UZS;BUSABCDEFGHIJKLMNOPQRSTUVWXYZ23100427;40000;;;;;;
test068_2.jpg;G1264CM;GCM0228B;12857;;;;;;
test069_1.jpg;AA1138AK;A1138AK;0.1250;;;;;;
test070_1.jpg;B2160TOB;B2160TOB;0.0000;;;;;;
test070_2.jpg;B2597BYK;B 2597 BYK;0.2500;;;;;;
test071_1.jpg;G9545AG;GCAG9545AG1023;10000;;;;;;
test072_1.jpg;BG1870IB;BG1870IB;0.0000;;;;;;
test073_1.jpg;T1187HB;DS1187HB;0.2857;;;;;;
test073_2.jpg;A1330FP;A1330OI;0.2857;;;;;;
test074_1.jpg;G1368GE;G1368D;0.2857;;;;;;
test074_2.jpg;B1081CMR;B1081CMR;0.0000;;;;;;
test075_1.jpg;G2474XZ;THEIMAGEYOUVESENTISACLOSEUPOFABLACKLICENSEPLATETHETEXTONTHEPLATEREADS62414XY121926THISCOULDBEINDICATINGVARIOUSTHINGSSUCHASTHEVEHICLESREGISTRATIONNUMBERMODELYEAROREVENTHEOWNERSINITIALSIFITSAPERSONALIZEDPLATEHOWEVERWITHOUTADDITIONALCONTEXTITSHARDTODETERMINEITSEXACTMEANINGPLEASENOTETHATLICENSEPLATES;417143;;;;;;
test075_2.jpg;G9173BP;GCPBP91731023;11429;;;;;;
test075_3.jpg;7066OF;RS7600DE;11667;;;;;;
test076_1.jpg;G2151ASF;THEIMAGECAPTURESACLOSEUPVIEWOFARECTANGULARMETALLICENSEPLATEAFFIXEDTOACARSBUMPERTHELICENSEPLATEWHICHISBLACKANDSILVERINCOLORBEARSTHETEXTE2151ASFTHISCOULDPOSSIBLYINDICATETHEREGISTRATIONDETAILSORIDENTIFICATIONNUMBERASSOCIATEDWITHTHEVEHICLETHELICENSEPLATEISSECURELYATTACHEDTOTHECARUSINGSCREWSENSURINGITSTAYSFIRMLYINPLACETHEBACKGROUNDOFTHEIMAGEISBL;418750;;;;;;
test076_2.jpg;E500MA;E500M;0.1667;;;;;;
test076_3.jpg;G4689SN;C46809SNO126;0.8571;;;;;;
test077_1.jpg;G1754QZ;G1754O;0.2857;;;;;;
test078_1.jpg;H1413DH;DH1413AND;0.5714;;;;;;
test079_1.jpg;T1688GY;T1688GY;0.0000;;;;;;
test079_2.jpg;A1260AJ;DS126C;0.7143;;;;;;
test080_1.jpg;D77HSB;WS77HSB;0.3333;;;;;;
test080_2.jpg;B1861TOI;A1861YOU;0.3750;;;;;;
test080_3.jpg;D1160ADE;RS1160ADE;0.2500;;;;;;
test081_1.jpg;F8097BD;THEIMAGEYOUVESENTAPPEARSTOBEACLOSEUPOFABLACKANDWHITESIGNTHESIGNHASTHEFOLLOWINGDETAILSITSRECTANGULARINSHAPETHETOPLEFTCORNERFEATURESANFSYMBOLPOSSIBLYINDICATINGADIRECTIONORLOCATIONMARKERINTHECENTEROFTHESIGNTHEREARETHREELINESOFTEXTTHEFIRSTLINEREADS80097FOLLOWEDBYUS337THETHIRDLINEIS;391429;;;;;;
test081_2.jpg;F1992AM;F1982AH;0.2857;;;;;;
test082_1.jpg;E1824YZ;E1824YY;0.1429;;;;;;
test082_2.jpg;B9093UEX;B9003UX;0.2500;;;;;;
test083_1.jpg;F5052AAE;F5052AAE;0.0000;;;;;;
test083_2.jpg;F5452CQ;F5452CO;0.1429;;;;;;
test084_1.jpg;B1158PYP;B1158PYP;0.0000;;;;;;
test084_2.jpg;B1242VOY;B1262VOY;0.1250;;;;;;
test085_1.jpg;B1315KIF;B1315KF;0.1250;;;;;;
test085_2.jpg;B2938FVJ;B2938FVW;0.1250;;;;;;
test085_3.jpg;B2560SKZ;B2560SKW;0.1250;;;;;;
test086_1.jpg;B1291NOJ;R1291NOJ;0.1250;;;;;;
test086_2.jpg;B1556NRC;B1556NRC;0.0000;;;;;;
test087_1.jpg;B6823WXR;B6823WXWRO127;0.6250;;;;;;
test087_2.jpg;B6317NXK;B6317NXX;0.1250;;;;;;
test087_3.jpg;F2215FCQ;F215FCO;0.2500;;;;;;
test087_4.jpg;4039NHR;DS4039NHR;0.2857;;;;;;
test088_1.jpg;B2190TYB;B2190TYB;0.0000;;;;;;
test088_2.jpg;B1902VKA;BVKA190021024;10000;;;;;;
test089_1.jpg;D8609N;THEIMAGECAPTURESACLOSEUPVIEWOFABLACKANDWHITELICENSEPLATETHELICENSEPLATEWHICHISRECTANGULARINSHAPEPROMINENTLYDISPLAYSD86009INWHITELETTERSAGAINSTASTARKBLACKBACKGROUNDJUSTBELOWTHISALPHANUMERICCODETHETEXT3506ISINSCRIBEDINSMALLERWHITELETTERSFOLLOWEDBYTHEABBREVIATIONNYALSOWRITTENINWHITETHELICENSEPLATEAPPEARSTOBEAFFIXEDTOA;518333;;;;;;
test089_2.jpg;A8406ZE;A8406E;0.1429;;;;;;
test089_3.jpg;B1246KRK;B1246KRK;0.0000;;;;;;
test090_1.jpg;T9314E;THEIMAGECAPTURESACLOSEUPVIEWOFAYELLOWLICENSEPLATEAFFIXEDTOAVEHICLETHELICENSEPLATEWHICHISSLIGHTLYTILTEDTOTHERIGHTPROMINENTLYDISPLAYSTHENUMBERS93114INBLACKAGAINSTTHEYELLOWBACKGROUNDJUSTBELOWTHISSEQUENCEOFDIGITSTHERESANADDITIONALLINETHATREADSON26ALSOINBLACKTHELICENSEPLATEISSECURELYATTACHEDTOTHEVEHICLEWITHTWOSCREWSLOCATEDATTHETOP;536667;;;;;;
test090_2.jpg;N9579U;N0579U;0.1667;;;;;;
test091_1.jpg;B2910KZW;B2910KWW;0.2500;;;;;;
test091_2.jpg;B9721KXV;B9721XVV;0.2500;;;;;;
test092_1.jpg;B1104AAA;B1104AA;0.1250;;;;;;
test092_2.jpg;T1579FN;THEIMAGEFEATURESABLACKSIGNWITHWHITETEXTTHATREADSTFN1579THENUMBERSARECLEARLYVISIBLEANDSTANDOUTAGAINSTTHEDARKBACKGROUNDOFTHESIGNBELOWTHESENUMBERSTHEREISANOTHERLINEOFTEXTTHATREADS0327ALSOINWHITETHESIGNAPPEARSTOBEMADEOFMETALANDHASAGLOSSYFINISHREFLECTINGLIGHTOFFITSSURFACETHEOVERALLIMPRESSIONISONEOFALICENSEPLATEORIDENTIFICATIONTAGFORSOMESORTOF;477143;;;;;;
test092_3.jpg;B2346POC;B2346POC;0.0000;;;;;;
test093_1.jpg;B2026BIU;BBIOAUEXRSMLTNGCKYDFH;26250;;;;;;
test094_1.jpg;G1255EJ;G1255C;0.2857;;;;;;
test095_1.jpg;B1201KAD;B1201KAD;0.0000;;;;;;
test095_2.jpg;B2310JUK;B2310JUK;0.0000;;;;;;
test095_3.jpg;B28YHH;B28YH;0.1667;;;;;;
test096_1.jpg;B1354COJ;B1354COJ;0.0000;;;;;;
test096_2.jpg;B1502NRO;B1502NRO;0.0000;;;;;;
test097_1.jpg;B1650NOG;B1650NOG;0.0000;;;;;;
test097_2.jpg;B6354SVL;B6354SVL;0.0000;;;;;;
test098_1.jpg;B1779DOB;B1779DAB;0.1250;;;;;;
test099_1.jpg;B2017PBQ;THEIMAGEYOUVESENTAPPEARSTOBEALICENSEPLATEFROMBRAZILISSUEDIN2017THEPLATEREADSBPBOBR0726THISISASTANDARDFORMATFORBRAZILIANPLATESWITHTHEFIRSTTWOLETTERSINDICATINGTHESTATEWHERETHEVEHICLEISREGISTEREDPBSTANDSFORPARAN√ÅFOLLOWEDBYASERIESOFNUMBERSANDLETTERSTHATTYPICALLYREPRESENTTHEREGISTRATIONNUMBERTHEPLATEALSOINCLUDESADATECODEINTHISCASE;403750;;;;;;
test099_2.jpg;B1892WZT;B1892WWT;0.1250;;;;;;
test100_1.jpg;B1071PRG;B1071PRG;0.0000;;;;;;
test100_2.jpg;B2134PZJ;B82136PZJ;0.2500;;;;;;
